{
  "train_loss": [
    0.8899627939650887,
    0.5676654326288324,
    0.45301241610656706,
    0.3931117482614099,
    0.35853329954440133,
    0.3336040165863539,
    0.3147676728273693,
    0.30081869138960254,
    0.28651065307489615,
    0.277679938169425,
    0.2697161496535205,
    0.26273244737010254,
    0.25557382261021094,
    0.2513767375627108,
    0.25155847238605483,
    0.24159966755593032,
    0.24035785510613208,
    0.23541065530949518,
    0.23312794136112197,
    0.22958727860659883,
    0.22357856836823517,
    0.23339387761396274,
    0.2234086493651072,
    0.21869004942607462,
    0.21658550137490556,
    0.21764124063938334,
    0.21295122900291494,
    0.2166394805699064,
    0.21249895608216002,
    0.21226221695542336
  ],
  "dev_loss": [
    1.3435333489210575,
    1.0944971666707621,
    0.9658893744473334,
    0.9043416852107296,
    0.8545879981928057,
    0.8160146876395523,
    0.794135769466301,
    0.7833524334740329,
    0.7623709247677357,
    0.7599433257982329,
    0.7430164455012842,
    0.7389906332283825,
    0.7295667471049668,
    0.7477884733831728,
    0.72426189966016,
    0.7058565426472719,
    0.7105843762976009,
    0.7022125629538839,
    0.6979861539582928,
    0.6954758248062103,
    0.6970603980317518,
    0.6860311873644204,
    0.7072330263334435,
    0.6854923574568389,
    0.6814013447177101,
    0.6719632490308254,
    0.6703169947707808,
    0.6788140339897825,
    0.6726902888773324,
    0.6766263053982289
  ]
}