{
  "train_loss": [
    0.9757104130429134,
    0.640681001962277,
    0.4894766564431943,
    0.4086249605344053,
    0.3685203914841016,
    0.3338081623639977,
    0.31525520366012005,
    0.3040992860077766,
    0.29302651186784107,
    0.2839468368574193,
    0.271676678014429,
    0.2622427386150025,
    0.25689474414837987,
    0.2467755412584857,
    0.24316940247489696,
    0.24317239355622677,
    0.2355700207776145,
    0.23317037333260504,
    0.23411241624700396,
    0.2270367616101315,
    0.22582211887888742,
    0.22081510683423594,
    0.2226702220607222,
    0.2198416571083822,
    0.21354695422607556,
    0.21687178183020206,
    0.21063563377972236,
    0.214427643439226,
    0.2113420320838167,
    0.21006206789037637
  ],
  "dev_loss": [
    1.4374688513480223,
    1.1620272225760795,
    1.0032776639639558,
    0.9110926420657666,
    0.8614015870473601,
    0.833888764698784,
    0.8098170422501378,
    0.7901593971175033,
    0.7792975477777518,
    0.7699112420925847,
    0.7544191426464489,
    0.7490560858474149,
    0.7377366593905857,
    0.7457170265835601,
    0.7388279284169148,
    0.7422391728727848,
    0.7258459945003708,
    0.7225228562564044,
    0.7124498829052046,
    0.7164577097668277,
    0.7318523400402689,
    0.7239972560049651,
    0.714703680826472,
    0.7038224501075683,
    0.7155645821582187,
    0.6997336954265446,
    0.6961325385740825,
    0.7041271000907019,
    0.7093670481404701,
    0.6963731065005451
  ]
}