{
  "mean": [
    286.8456115722656,
    77.11063385009766,
    113.36286163330078,
    96.7170181274414,
    77.24972534179688,
    49.838294982910156,
    816.1074829101562
  ],
  "std": [
    496.3151550292969,
    124.88518524169922,
    235.1888885498047,
    249.7794952392578,
    211.51673889160156,
    162.33168029785156,
    1187.139892578125
  ],
  "min": [
    0.0,
    0.0,
    0.0,
    0.0,
    0.0,
    0.0,
    0.0
  ],
  "max": [
    4980.0,
    1108.0,
    2539.0,
    8085.0,
    3059.0,
    2417.0,
    26880.0
  ]
}