{
  "mean": [
    292.6094970703125,
    75.95703887939453,
    119.73076629638672,
    100.54951477050781,
    80.3100814819336,
    53.961280822753906,
    768.7606811523438,
    0.0
  ],
  "std": [
    480.0662536621094,
    152.1064453125,
    271.4441833496094,
    266.0858154296875,
    227.94447326660156,
    160.23495483398438,
    1336.0247802734375,
    1.0
  ],
  "min": [
    0.0,
    0.0,
    0.0,
    0.0,
    0.0,
    0.0,
    0.0,
    0.0
  ],
  "max": [
    5494.0,
    4471.0,
    6526.0,
    8085.0,
    16186.0,
    4733.0,
    40000.0,
    0.0
  ],
  "zero_variance_features": [
    "fork_count"
  ]
}