{
  "mean": [
    277.4157409667969,
    92.85196685791016,
    139.31170654296875,
    121.21646881103516,
    105.3549575805664,
    74.3958740234375,
    926.4974365234375,
    0.0
  ],
  "std": [
    500.1186828613281,
    178.56521606445312,
    307.03265380859375,
    298.5556640625,
    274.8736877441406,
    200.2677764892578,
    1302.7958984375,
    1.0
  ],
  "min": [
    0.0,
    0.0,
    0.0,
    0.0,
    0.0,
    0.0,
    0.0,
    0.0
  ],
  "max": [
    6005.0,
    4471.0,
    6526.0,
    8085.0,
    16186.0,
    4733.0,
    40000.0,
    0.0
  ],
  "zero_variance_features": [
    "fork_count"
  ]
}