{
  "mean": [
    319.1868896484375,
    81.45531463623047,
    131.09661865234375,
    109.76195526123047,
    86.46855163574219,
    56.47251510620117,
    727.6052856445312,
    0.0
  ],
  "std": [
    499.0229797363281,
    142.2902069091797,
    274.0822448730469,
    269.088623046875,
    206.01904296875,
    156.6300048828125,
    1081.065673828125,
    1.0
  ],
  "min": [
    0.0,
    0.0,
    0.0,
    0.0,
    0.0,
    0.0,
    0.0,
    0.0
  ],
  "max": [
    4980.0,
    3154.0,
    5796.0,
    8085.0,
    3059.0,
    2417.0,
    26880.0,
    0.0
  ]
}