{
  "train_loss": [
    0.40801288273803976,
    0.25769638888624186,
    0.2266642122195034,
    0.21152906129891808,
    0.2052546278951136,
    0.20121863369315748,
    0.19729659866009439,
    0.19776751352725802,
    0.19297657771805538,
    0.1961700816182096,
    0.18983458145072102,
    0.19166223630021437,
    0.1907877310046128,
    0.18877275869192764,
    0.19255998642920988,
    0.18685762218152924,
    0.18520811866091486,
    0.1890489263352165,
    0.18941341656256597,
    0.18648346356011955,
    0.1844549691987774,
    0.18652762823583538,
    0.18509659678837048,
    0.1818880177099387,
    0.18127219378229043,
    0.1851154863906298,
    0.18092778013681124,
    0.18003605396763697,
    0.18159020299444328,
    0.18143333795994634
  ],
  "dev_loss": [
    0.45818133068581424,
    0.4008388192082445,
    0.3684672058559954,
    0.35934596300746,
    0.3479935218890508,
    0.3461253616027534,
    0.33715252255400024,
    0.336704402603209,
    0.3443996354316672,
    0.3375218673298756,
    0.33668677990014356,
    0.33783950296541054,
    0.3329544640456637,
    0.3335851208306849,
    0.33767861728556453,
    0.330408344976604,
    0.33390278345905244,
    0.33282587920936446,
    0.33655542132134236,
    0.3329402376587192,
    0.3416701848308245,
    0.3299590118229389,
    0.32925879894755783,
    0.33453951198607684,
    0.33558037982632716,
    0.3333031979544709,
    0.3292455653659999,
    0.33140576030127705,
    0.3334081112717589,
    0.33823144159590207
  ]
}