{
  "train_loss": [
    0.6120117290453477,
    0.3701221312311563,
    0.3186679060824893,
    0.2865991897203706,
    0.2632670146497813,
    0.2494146782227538,
    0.23552954535592685,
    0.22587271139703013,
    0.2166596319526434,
    0.21011980951509693,
    0.20463921664790674,
    0.1984756153076887,
    0.19314193532548168,
    0.1915910589085384,
    0.18836652812632648,
    0.18661553788591514,
    0.18339964164928957,
    0.18342275053940035,
    0.18053052459250796,
    0.18104667883705008,
    0.17843033695085483,
    0.1789315195584839,
    0.17682300941510634,
    0.17698561603372748,
    0.17710645195435393,
    0.17531253421171145,
    0.1738088021562858,
    0.17546455758539112,
    0.17220219099386172,
    0.17235790193080902
  ],
  "dev_loss": [
    0.7380794976651669,
    0.6198898335546255,
    0.577198956310749,
    0.541637653534611,
    0.512840564623475,
    0.4977109857648611,
    0.49797574227054914,
    0.48582854352891447,
    0.4638676857203245,
    0.4621938369423151,
    0.4576868043094873,
    0.44608891032636167,
    0.4522546340028445,
    0.4679102153082689,
    0.44990015248457593,
    0.4519045305997133,
    0.4525970534235239,
    0.4480303958058357,
    0.44489359873036544,
    0.443792916610837,
    0.4572921591500441,
    0.4601058606058359,
    0.4504420939584573,
    0.4577549723039071,
    0.4664095289260149,
    0.4502427945037683,
    0.4658519687503576,
    0.45268385991454124,
    0.4496789806087812,
    0.45787842842439813
  ]
}