{
  "train_loss": [
    0.5185409195043824,
    0.3245854511179707,
    0.27547101368280974,
    0.2492747581817887,
    0.23087913681837646,
    0.21628497774628075,
    0.21018554964526134,
    0.19948578151789578,
    0.1877036726610227,
    0.1810054906728593,
    0.17753544522618706,
    0.1719464447010647,
    0.1688725245269862,
    0.16744417104531417,
    0.16636204587464984,
    0.16204367344352333,
    0.16115071627904068,
    0.16214938644658436,
    0.15748971643095666,
    0.15715367533266544,
    0.15706978745081207,
    0.15629014911299402,
    0.15396344194358044,
    0.1528027907013893,
    0.15344903353940356,
    0.1532019635493105
  ],
  "dev_loss": [
    0.6458162117997805,
    0.5584815075993538,
    0.5040661713232597,
    0.474336001103123,
    0.44967578490575155,
    0.45051539758841197,
    0.42374611146748065,
    0.42728216444452605,
    0.4057279549787442,
    0.41361541541914143,
    0.3993537239730358,
    0.3979034723341465,
    0.3951924024770657,
    0.39742741661767167,
    0.3924700969457626,
    0.3869905867924293,
    0.4033473153412342,
    0.3938013553619385,
    0.4007008989900351,
    0.3930451345692078,
    0.39380627155303954,
    0.39738798613349596,
    0.3984483384589354,
    0.3934352369358142,
    0.39968126845856505,
    0.3952872237811486
  ]
}