{
  "train_loss": [
    1.1313559662412713,
    1.1196422735850016,
    1.113740920468613,
    1.113034145478849,
    1.1117223496790285,
    1.111533966826068,
    1.1110070197118653,
    1.1100495745186452,
    1.110269307648694,
    1.1094217936197917,
    1.1092024619932528,
    1.1096530088120036,
    1.1089792567270773,
    1.1090492368848235,
    1.1092460414325749,
    1.1085401250256433,
    1.108624046764992,
    1.109270656881509,
    1.1090498213414792,
    1.1082741560759368,
    1.1091523962440315,
    1.1083424040564784,
    1.1091125848116699,
    1.1084072190854284,
    1.1086191874963265
  ],
  "dev_loss": [
    1.6542583559365833,
    1.6464824279879822,
    1.6465815754936022,
    1.644027100109002,
    1.65700958778753,
    1.6415777638116305,
    1.6429733684396042,
    1.6554605765816044,
    1.647078834254952,
    1.6493652473916025,
    1.6512152631493175,
    1.6495792933684938,
    1.642405626747538,
    1.6433357458342523,
    1.6395573773804832,
    1.6443729115759624,
    1.642686651471783,
    1.6467057093977928,
    1.6430373987292541,
    1.6409274898469448,
    1.646545315928319,
    1.6432079600498957,
    1.639814233078676,
    1.6446926975074936,
    1.6429693795302336
  ]
}