{
  "train_loss": [
    0.68994786251675,
    0.3920263957232237,
    0.32769439951940016,
    0.29354624975134025,
    0.2676890311593359,
    0.25066892660476947,
    0.2347753102129156,
    0.2230459345673973,
    0.21931758221577513,
    0.2058449024842544,
    0.19965204186737537,
    0.1974664124914191,
    0.19128067354586992,
    0.20075590021230957,
    0.18934019224887544,
    0.18393461490896615,
    0.18351841955022377,
    0.18112090473825282,
    0.18087240325456316,
    0.18057359355417166,
    0.17649297737939793,
    0.17732881561598995,
    0.17655682777139273,
    0.18302751088684255,
    0.17680050171911715,
    0.17478036311539738,
    0.17346604368226096,
    0.17267379059710286,
    0.17079071466895668,
    0.17015787542543628,
    0.1703662588515065,
    0.1714785696091977,
    0.17094176804477518,
    0.1684595754200762
  ],
  "dev_loss": [
    0.7987541066606839,
    0.6560357624789079,
    0.594268560881416,
    0.5578084818522135,
    0.5298690324028333,
    0.5047784769535064,
    0.4937976321578026,
    0.479669914295276,
    0.4792113354305426,
    0.46327963545918466,
    0.4594890798131625,
    0.46804902876416843,
    0.4661094455172618,
    0.457447069088618,
    0.44879946067929266,
    0.4647802935043971,
    0.4555644446363052,
    0.45350705136855446,
    0.4499047124385834,
    0.45213900953531266,
    0.4505198418349028,
    0.45002121858298777,
    0.4510411198933919,
    0.44784835845232007,
    0.4686570604890585,
    0.45823674569527306,
    0.4631524073332548,
    0.46397807168463867,
    0.4603645155082146,
    0.4725505195309718,
    0.4598270037273566,
    0.4808662339051564,
    0.4677041441698869,
    0.47394618280231954
  ]
}