{
  "train_loss": [
    0.36360247506540716,
    0.2454534193508068,
    0.2190890531109567,
    0.21060723200814374,
    0.2026801161669396,
    0.1963144620758226,
    0.19771355773865257,
    0.19428591003001427,
    0.19196728642842945,
    0.19107002726824357,
    0.1884211668075857,
    0.18883522924999474,
    0.18933257584291074,
    0.18765492779724155,
    0.18796860239680668,
    0.18660306589656356,
    0.18685938732907117,
    0.18707840005115653,
    0.18453015246820495,
    0.18403603076848515,
    0.1849135706078937,
    0.1833999042028856,
    0.1841054175221667,
    0.18198011525004065,
    0.18077736616882578,
    0.18255640485083044,
    0.18178820005945256,
    0.18037548180108595
  ],
  "dev_loss": [
    0.4337679292385777,
    0.3743471525609493,
    0.36558765874554716,
    0.3394010603427887,
    0.3381736164757361,
    0.33254974260926246,
    0.3289231298180918,
    0.32588533402110137,
    0.33242057054303586,
    0.3272459185371796,
    0.3247752939661344,
    0.3233691159480562,
    0.32857898992175855,
    0.32889551411693296,
    0.3234761116715769,
    0.32678021912773453,
    0.3284906318721672,
    0.3217359031084925,
    0.32775356735413275,
    0.32275406651509303,
    0.3282225040874133,
    0.3323954064554224,
    0.33064506337977945,
    0.3312933761316041,
    0.3333209674960623,
    0.3325181416546305,
    0.33501781392842533,
    0.3341451250948012
  ]
}