{
  "train_loss": [
    0.6179342885586349,
    0.35117330923676493,
    0.2842270216481252,
    0.25608587434346025,
    0.24423804086717693,
    0.22273580990731717,
    0.20597340904853562,
    0.19900324320928617,
    0.19329467744312503,
    0.1845210868187926,
    0.17955804639919237,
    0.1762638179754669,
    0.17104322239756584,
    0.1690254953774539,
    0.1648598707873713,
    0.16407241685823962,
    0.16487335925075142,
    0.15868412991139022,
    0.15985870425674048,
    0.15978216950527646,
    0.15579590807584198,
    0.15517745871435512,
    0.15420020571486517,
    0.154978866671974,
    0.15321802007542415,
    0.15131435719403355,
    0.15326230614022776,
    0.14984342506663365,
    0.15078816840594464,
    0.1522724315862764,
    0.1508819729597731,
    0.1506038234653798
  ],
  "dev_loss": [
    0.72637541025877,
    0.5664371442298094,
    0.5182425020138423,
    0.48832208385070164,
    0.47026351764798163,
    0.4527083923916022,
    0.4453366016348203,
    0.42724240536491076,
    0.42234440150360264,
    0.40897764640549816,
    0.4065193918099006,
    0.4031605709592501,
    0.40545697008570036,
    0.4010975699623426,
    0.39677912468711535,
    0.4058374737451474,
    0.3949575708061457,
    0.39914426671961944,
    0.4043590328594049,
    0.39756864321728547,
    0.40102270027001696,
    0.39273666180670264,
    0.40480186959107717,
    0.3960197686900695,
    0.4148450895398855,
    0.3967200625439485,
    0.39834958732128145,
    0.3999578290929397,
    0.39817202895879744,
    0.41579995639622214,
    0.40054073224465053,
    0.4096677559365829
  ]
}